customer_id,name,age,city,join_date,plan
1,Balaji,24,chennai,2022-12-23,New
2,Sita,40,trichy,2023-05-15,Regular
3,Prabu,38,coimbatore,2023-02-02,Premium
4,Raj,32,madurai,2023-02-11,Regular
5,Deva,49,salem,2022-08-09,New
6,Malar,29,bangalore,2023-03-01,New
7,Nimisha,24,ooty,2022-09-22,Regular
8,Yamini,35,vellore,2022-09-14,Premium
9,Pandu,34,yercaud,2023-09-02,Regular
10,Shanthi,34,chennai,2023-11-03,Premium
11,Deesh,24,trichy,2022-08-25,New
12,Kavi,35,coimbatore,2023-08-28,Regular
13,Anil,46,madurai,2023-11-08,Premium
14,Balaji,45,salem,2023-10-26,Regular
15,Sita,51,bangalore,2022-06-11,New
16,Prabu,24,ooty,2022-03-05,Premium
17,Raj,45,vellore,2023-01-12,Regular
18,Deva,48,yercaud,2023-01-28,Premium
19,Malar,43,chennai,2023-02-23,New
20,Nimisha,26,trichy,2023-10-27,New
21,Yamini,55,coimbatore,2022-10-10,Regular
22,Pandu,25,madurai,2023-01-18,Premium
23,Shanthi,47,salem,2023-10-07,Regular
24,Deesh,26,bangalore,2023-08-31,New
25,Kavi,41,ooty,2022-12-12,New
26,Anil,53,vellore,2022-09-09,Regular
27,Balaji,54,yercaud,2022-10-30,Premium
28,Sita,28,chennai,2022-08-02,Regular
29,Prabu,28,trichy,2022-01-11,Premium
30,Raj,52,coimbatore,2022-09-15,New
31,Deva,43,madurai,2023-09-26,Regular
32,Malar,39,salem,2023-06-19,Premium
33,Nimisha,32,bangalore,2022-10-28,Regular
34,Yamini,29,ooty,2022-02-22,New
35,Pandu,42,vellore,2023-06-24,Premium
36,Shanthi,50,yercaud,2023-05-12,Regular
37,Deesh,34,chennai,2023-07-03,Premium
38,Kavi,43,trichy,2022-12-07,New
39,Anil,38,coimbatore,2023-11-22,New
40,Balaji,55,madurai,2023-06-21,Regular
41,Sita,44,salem,2022-03-14,Premium
42,Prabu,51,bangalore,2023-03-27,Regular
43,Raj,35,ooty,2023-07-16,New
44,Deva,38,vellore,2022-09-12,New
45,Malar,28,yercaud,2023-09-29,Regular
46,Nimisha,40,chennai,2022-07-26,Premium
47,Yamini,27,trichy,2022-02-25,Regular
48,Pandu,36,coimbatore,2022-07-27,Premium
49,Shanthi,34,madurai,2023-08-24,New
50,Deesh,28,salem,2022-04-15,Regular
51,Kavi,45,bangalore,2022-08-28,Premium
52,Anil,24,ooty,2023-10-16,Regular
53,Balaji,29,vellore,2022-01-18,New
54,Sita,45,yercaud,2022-10-29,Premium
55,Prabu,32,chennai,2022-01-04,Regular
56,Balaji,25,trichy,2023-05-11,Premium
57,Sita,25,coimbatore,2022-10-30,New
58,Prabu,28,madurai,2022-02-03,New
59,Raj,23,salem,2023-11-05,Regular
60,Deva,26,bangalore,2022-11-27,Premium
61,Malar,27,ooty,2023-10-05,Regular
62,Nimisha,25,vellore,2022-06-11,New
63,Yamini,43,yercaud,2022-12-26,New
64,Pandu,24,chennai,2022-09-27,Regular
65,Shanthi,33,trichy,2022-04-23,Premium
66,Deesh,51,coimbatore,2022-05-25,Regular
67,Kavi,35,madurai,2022-04-30,Premium
68,Anil,28,salem,2022-09-11,New
69,Balaji,35,bangalore,2022-05-22,Regular
70,Sita,32,ooty,2022-03-04,Premium
71,Prabu,48,vellore,2022-02-17,Regular
72,Raj,53,yercaud,2023-07-26,New
73,Deva,48,chennai,2022-12-28,Premium
74,Malar,55,trichy,2022-02-28,Regular
75,Nimisha,45,coimbatore,2022-03-17,Premium
76,Yamini,45,madurai,2023-11-07,New
77,Pandu,41,salem,2023-09-13,New
78,Shanthi,39,bangalore,2023-01-16,Regular
79,Deesh,48,ooty,2023-06-11,Premium
80,Kavi,54,vellore,2022-02-25,Regular
81,Anil,49,yercaud,2022-04-03,New
82,Balaji,42,chennai,2022-02-23,New
83,Sita,34,trichy,2022-02-17,Regular
84,Prabu,31,coimbatore,2022-05-03,Premium
85,Raj,22,madurai,2023-06-02,Regular
86,Deva,24,salem,2023-11-18,Premium
87,Malar,48,bangalore,2022-01-16,New
88,Nimisha,38,ooty,2022-09-26,Regular
89,Yamini,33,vellore,2022-12-21,Premium
90,Pandu,24,yercaud,2022-06-19,Regular
91,Shanthi,49,chennai,2023-08-26,New
92,Deesh,31,trichy,2023-04-17,Premium
93,Kavi,53,coimbatore,2022-09-10,Regular
94,Anil,48,madurai,2023-07-14,Premium
95,Balaji,35,salem,2022-09-22,New
96,Sita,32,bangalore,2023-01-24,New
97,Prabu,22,ooty,2022-02-06,Regular
98,Raj,39,vellore,2023-10-01,Premium
99,Deva,27,yercaud,2022-03-18,Regular
100,Malar,27,chennai,2022-04-26,New
101,Swetha,37,Chennai,2023-06-12,Regular
102,Stalin,26,Bangalore,2023-09-07,Premium
103,Karthick,47,Hyderabad,2022-07-29,New
104,Gokhul,40,Mumbai,2023-01-24,New
105,Sanjay,57,Delhi,2022-01-06,Regular
106,Meera,60,vellore,2023-08-24,Premium
107,Heera,22,yercaud,2023-02-04,Regular
108,Prashu,57,chennai,2023-04-12,New
109,Madhu,25,trichy,2022-09-16,Regular
110,Swathi,47,coimbatore,2022-09-12,Premium
111,Rita,25,madurai,2022-02-06,New
112,Raja,20,salem,2022-01-11,New
113,Kayal,36,bangalore,2022-11-24,Regular
114,Israel,47,ooty,2023-08-31,Premium
115,Raghav,27,vellore,2023-06-07,Regular
116,Reena,23,yercaud,2022-04-14,New
117,Deepa,43,chennai,2022-10-28,Regular
118,Suji,40,trichy,2023-03-01,Premium
119,Sathya,24,coimbatore,2022-02-06,New
120,Diya,37,madurai,2023-01-08,New
121,Dinesh,39,salem,2023-11-07,Regular
122,Kavi,52,bangalore,2022-08-23,Premium
123,Radha,34,ooty,2023-07-13,Regular
124,Keerthi,44,vellore,2023-06-11,New
125,Swetha,22,yercaud,2022-08-18,Regular
126,Stalin,49,chennai,2022-02-14,Premium
127,Karthick,28,Chennai,2022-03-09,New
128,Gokhul,52,Bangalore,2023-06-20,New
129,Sanjay,50,Hyderabad,2023-05-21,Regular
130,Swetha,56,Mumbai,2023-03-26,Premium
131,Stalin,36,Delhi,2023-08-04,Regular
132,Karthick,20,vellore,2022-10-13,New
133,Gokhul,42,yercaud,2023-03-23,Regular
134,Sanjay,24,chennai,2023-06-06,Premium
135,Meera,46,trichy,2023-04-05,New
136,Heera,43,coimbatore,2022-02-19,New
137,Prashu,27,madurai,2023-11-16,Regular
138,Madhu,20,salem,2023-01-26,Premium
139,Swathi,48,bangalore,2022-02-15,Regular
140,Rita,25,ooty,2022-03-07,New
141,Raja,58,vellore,2022-03-22,Regular
142,Kayal,20,yercaud,2023-06-04,Premium
143,Israel,45,chennai,2023-01-15,New
144,Raghav,45,trichy,2023-07-26,New
145,Reena,53,coimbatore,2022-04-10,Regular
146,Deepa,22,madurai,2022-09-23,Premium
147,Suji,41,salem,2022-06-02,Regular
148,Sathya,45,bangalore,2023-09-03,New
149,Diya,35,ooty,2023-05-05,Regular
150,Dinesh,34,vellore,2023-04-05,Premium
151,Kavi,22,yercaud,2023-02-01,New
152,Radha,48,chennai,2023-06-24,New
153,Keerthi,33,Chennai,2023-05-06,Regular
154,Swetha,59,Bangalore,2023-07-29,Premium
155,Stalin,42,Hyderabad,2023-07-04,Regular
156,Karthick,34,Mumbai,2022-07-29,New
157,Gokhul,59,Delhi,2023-07-21,Regular
158,Sanjay,34,vellore,2023-03-14,Premium
159,Swetha,46,yercaud,2022-12-20,New
160,Stalin,21,chennai,2023-09-24,New
161,Karthick,30,trichy,2022-09-22,Regular
162,Gokhul,56,coimbatore,2023-05-30,Premium
163,Sanjay,53,madurai,2022-12-06,Regular
164,Meera,43,salem,2023-06-02,New
165,Heera,40,bangalore,2023-07-08,Regular
166,Prashu,28,ooty,2023-10-05,Premium
167,Madhu,47,vellore,2022-11-02,New
168,Swathi,41,yercaud,2023-03-20,New
169,Rita,24,chennai,2023-03-05,Regular
170,Raja,53,trichy,2023-02-19,Premium
171,Kayal,42,coimbatore,2022-04-28,Regular
172,Israel,24,madurai,2022-09-03,New
173,Raghav,59,salem,2023-05-01,Regular
174,Reena,49,bangalore,2023-09-18,Premium
175,Deepa,47,ooty,2023-02-04,New
176,Suji,41,vellore,2023-02-07,New
177,Sathya,38,yercaud,2022-04-25,Regular
178,Diya,22,chennai,2022-02-05,Premium
179,Dinesh,45,Chennai,2023-07-02,Regular
180,Kavi,53,Bangalore,2022-02-13,New
181,Radha,45,Hyderabad,2023-04-10,Regular
182,Keerthi,43,Mumbai,2022-12-27,Premium
183,Swetha,41,Delhi,2023-01-25,New
184,Stalin,50,vellore,2022-11-12,New
185,Karthick,51,yercaud,2023-07-22,Regular
186,Gokhul,20,chennai,2022-05-21,Premium
187,Sanjay,44,trichy,2023-04-11,Regular
188,Swetha,23,coimbatore,2023-09-10,New
189,Stalin,34,madurai,2022-12-24,Regular
190,Karthick,57,salem,2023-01-28,Premium
191,Gokhul,57,bangalore,2022-12-29,New
192,Sanjay,56,ooty,2022-06-13,New
193,Meera,44,vellore,2023-02-21,Regular
194,Heera,33,yercaud,2023-04-28,Premium
195,Prashu,32,chennai,2023-09-25,Regular
196,Madhu,26,trichy,2022-03-22,New
197,Swathi,59,coimbatore,2023-06-01,Regular
198,Rita,46,madurai,2022-03-17,Premium
199,Raja,47,salem,2022-07-23,New
200,Kayal,45,bangalore,2023-01-06,New
201,Israel,40,ooty,2023-01-27,Regular
202,Raghav,30,vellore,2023-08-04,Premium
203,Reena,50,yercaud,2023-06-15,Regular
204,Deepa,37,chennai,2023-01-29,New
205,Suji,21,Chennai,2022-11-21,Regular
206,Sathya,39,Bangalore,2022-08-31,Premium
207,Diya,37,Hyderabad,2023-05-25,New
208,Dinesh,27,Mumbai,2022-06-12,New
209,Kavi,45,Delhi,2023-08-10,Regular
210,Radha,26,vellore,2023-04-08,Premium
211,Keerthi,49,yercaud,2022-12-14,Regular
212,Swetha,35,chennai,2023-11-30,New
213,Stalin,55,trichy,2023-09-17,Regular
214,Karthick,46,coimbatore,2023-01-14,Premium
215,Gokhul,60,madurai,2022-11-20,New
216,Sanjay,38,salem,2022-08-01,New
217,Swetha,20,bangalore,2022-09-05,Regular
218,Stalin,57,ooty,2022-06-25,Premium
219,Karthick,33,vellore,2022-11-14,Regular
220,Gokhul,47,yercaud,2022-07-30,New
221,Sanjay,48,chennai,2022-06-15,Regular
222,Meera,40,trichy,2022-12-30,Premium
223,Heera,50,coimbatore,2022-07-27,New
224,Prashu,27,madurai,2022-04-23,New
225,Madhu,25,salem,2022-04-10,Regular
226,Swathi,51,bangalore,2023-04-26,Premium
227,Rita,33,ooty,2022-01-28,Regular
228,Raja,38,vellore,2022-11-20,New
229,Kayal,51,yercaud,2022-09-23,Regular
230,Israel,36,chennai,2023-02-28,Premium
231,Raghav,24,Chennai,2022-10-03,New
232,Reena,42,Bangalore,2023-02-22,New
233,Deepa,55,Hyderabad,2022-06-09,Regular
234,Suji,41,Mumbai,2022-03-13,Premium
235,Sathya,44,Delhi,2022-09-05,Regular
236,Diya,54,vellore,2022-01-14,New
237,Dinesh,54,yercaud,2023-11-07,Regular
238,Kavi,55,chennai,2023-03-11,Premium
239,Radha,55,trichy,2023-02-03,New
240,Keerthi,24,coimbatore,2022-02-06,New
241,Swetha,30,madurai,2023-09-28,Regular
242,Stalin,43,salem,2023-02-11,Premium
243,Karthick,50,bangalore,2022-06-24,Regular
244,Gokhul,30,ooty,2023-07-26,New
245,Sanjay,28,vellore,2022-01-15,Regular
246,Meera,28,yercaud,2022-12-29,Premium
247,Heera,52,chennai,2022-12-27,New
248,Prashu,41,trichy,2022-11-20,New
249,Madhu,49,coimbatore,2023-10-17,Regular
250,Swathi,24,madurai,2023-08-30,Premium
251,Rita,29,salem,2022-05-28,Regular
252,Raja,51,bangalore,2023-05-21,New
253,Kayal,48,ooty,2022-11-14,Regular
254,Israel,42,vellore,2022-10-16,Premium
255,Raghav,35,yercaud,2022-04-30,New
256,Reena,44,chennai,2023-05-28,New
257,Deepa,54,Chennai,2023-05-31,Regular
258,Suji,53,Bangalore,2023-08-15,Premium
259,Sathya,24,Hyderabad,2023-12-02,Regular
260,Diya,30,Mumbai,2023-11-02,New
261,Dinesh,48,Delhi,2022-01-18,Regular
262,Kavi,34,vellore,2022-04-02,Premium
263,Radha,59,yercaud,2023-07-12,New
264,Keerthi,32,chennai,2022-05-31,New
265,Swetha,30,trichy,2022-12-06,Regular
266,Stalin,52,coimbatore,2022-10-20,Premium
267,Karthick,54,madurai,2023-05-15,Regular
268,Gokhul,26,salem,2023-03-05,New
269,Sanjay,41,bangalore,2022-05-27,Regular
270,Swetha,43,ooty,2023-01-30,Premium
271,Stalin,48,vellore,2022-03-03,New
272,Karthick,41,yercaud,2023-09-24,New
273,Gokhul,52,chennai,2022-08-11,Regular
274,Sanjay,34,trichy,2023-01-19,Premium
275,Meera,59,coimbatore,2023-08-31,Regular
276,Heera,51,madurai,2023-04-07,New
277,Prashu,26,salem,2023-01-24,Regular
278,Madhu,42,bangalore,2022-10-06,Premium
279,Swathi,41,ooty,2023-06-14,New
280,Rita,57,vellore,2022-01-17,New
281,Raja,26,yercaud,2022-11-11,Regular
282,Kayal,55,chennai,2023-07-30,Premium
283,Israel,28,Chennai,2023-06-29,Regular
284,Raghav,47,Bangalore,2022-12-25,New
285,Reena,38,Hyderabad,2023-02-07,Regular
286,Deepa,46,Mumbai,2023-05-04,Premium
287,Suji,33,Delhi,2022-05-31,New
288,Sathya,30,vellore,2023-03-01,New
289,Diya,56,yercaud,2022-06-12,Regular
290,Dinesh,42,chennai,2023-10-29,Premium
291,Kavi,27,trichy,2023-07-15,Regular
292,Radha,37,coimbatore,2022-06-27,New
293,Keerthi,36,madurai,2022-07-25,Regular
294,Swetha,36,salem,2022-08-15,Premium
295,Stalin,55,bangalore,2023-06-10,New
296,Karthick,44,ooty,2023-04-03,New
297,Gokhul,20,vellore,2022-04-11,Regular
298,Sanjay,40,yercaud,2022-04-21,Premium
299,Swetha,57,chennai,2022-04-19,Regular
300,Stalin,27,trichy,2023-10-26,New
301,Karthick,50,coimbatore,2022-04-17,Regular
302,Gokhul,27,madurai,2023-05-08,Premium
303,Sanjay,45,salem,2023-02-25,New
304,Meera,53,bangalore,2022-09-21,New
305,Heera,57,ooty,2023-07-28,Regular
306,Prashu,34,vellore,2022-09-15,Premium
307,Madhu,32,yercaud,2022-06-05,Regular
308,Swathi,36,chennai,2022-09-01,New
309,Rita,39,Chennai,2023-08-22,Regular
310,Raja,49,Bangalore,2023-09-23,Premium
311,Kayal,41,Hyderabad,2022-10-07,New
312,Israel,38,Mumbai,2022-09-29,New
313,Raghav,54,Delhi,2022-10-22,Regular
314,Reena,42,vellore,2022-06-23,Premium
315,Deepa,36,yercaud,2022-06-14,Regular
316,Suji,53,chennai,2022-04-23,New
317,Sathya,32,trichy,2023-06-17,Regular
318,Diya,34,coimbatore,2023-05-02,Premium
319,Dinesh,27,madurai,2022-10-25,New
320,Kavi,21,salem,2022-01-18,New
321,Radha,27,bangalore,2023-10-07,Regular
322,Keerthi,55,ooty,2022-08-08,Premium
323,Swetha,54,vellore,2023-06-04,Regular
324,Stalin,48,yercaud,2023-03-11,New
325,Karthick,36,chennai,2022-04-30,Regular
326,Gokhul,31,trichy,2022-08-26,Premium
327,Sanjay,39,coimbatore,2023-01-26,New
328,Swetha,24,madurai,2023-03-30,New
329,Stalin,50,salem,2022-11-03,Regular
330,Karthick,45,bangalore,2023-08-31,Premium
331,Gokhul,26,ooty,2022-06-10,Regular
332,Sanjay,22,vellore,2022-05-21,New
333,Meera,32,yercaud,2023-01-14,Regular
334,Heera,28,chennai,2022-07-07,Premium
335,Prashu,29,Chennai,2022-09-05,New
336,Madhu,50,Bangalore,2023-02-08,New
337,Swathi,59,Hyderabad,2022-07-21,Regular
338,Rita,44,Mumbai,2023-11-10,Premium
339,Raja,56,Delhi,2023-11-01,Regular
340,Kayal,26,vellore,2022-02-13,New
341,Israel,27,yercaud,2022-09-21,Regular
342,Raghav,53,chennai,2023-07-28,Premium
343,Reena,46,trichy,2023-07-30,New
344,Deepa,59,coimbatore,2022-11-19,New
345,Suji,24,madurai,2022-05-01,Regular
346,Sathya,42,salem,2022-01-02,Premium
347,Diya,32,bangalore,2023-07-23,Regular
348,Dinesh,44,ooty,2023-08-06,New
349,Kavi,33,vellore,2023-10-26,Regular
350,Radha,54,yercaud,2022-05-03,Premium
351,Keerthi,27,chennai,2022-10-16,New
352,Swetha,49,trichy,2022-12-31,New
353,Stalin,31,coimbatore,2023-07-19,Regular
354,Karthick,24,madurai,2023-03-30,Premium
355,Gokhul,39,salem,2022-04-03,Regular
356,Sanjay,34,bangalore,2022-12-23,New
357,Swetha,46,ooty,2022-08-21,Regular
358,Stalin,55,vellore,2022-11-02,Premium
359,Karthick,30,yercaud,2022-02-20,New
360,Gokhul,53,chennai,2023-04-07,New
361,Sanjay,22,Chennai,2023-07-11,Regular
362,Meera,48,Bangalore,2023-08-16,Premium
363,Heera,20,Hyderabad,2022-09-29,Regular
364,Prashu,38,Mumbai,2023-03-21,New
365,Madhu,23,Delhi,2023-05-20,Regular
366,Swathi,44,vellore,2023-10-09,Premium
367,Rita,39,yercaud,2023-02-20,New
368,Raja,60,chennai,2023-04-23,New
369,Kayal,46,trichy,2022-04-13,Regular
370,Israel,50,coimbatore,2023-06-20,Premium
371,Raghav,38,madurai,2023-10-08,Regular
372,Reena,37,salem,2022-01-01,New
373,Deepa,46,bangalore,2022-04-23,Regular
374,Suji,41,ooty,2023-06-22,Premium
375,Sathya,53,vellore,2022-12-28,New
376,Diya,60,yercaud,2023-01-31,New
377,Dinesh,45,chennai,2023-10-31,Regular
378,Kavi,31,trichy,2023-05-01,Premium
379,Radha,47,coimbatore,2023-11-06,Regular
380,Keerthi,47,madurai,2023-05-10,New
381,Swetha,49,salem,2023-02-20,Regular
382,Stalin,27,bangalore,2022-12-23,Premium
383,Karthick,52,ooty,2022-01-19,New
384,Gokhul,51,vellore,2022-08-22,New
385,Sanjay,38,yercaud,2023-01-24,Regular
386,Meera,34,chennai,2022-08-27,Premium
387,Heera,33,Chennai,2022-07-17,Regular
388,Prashu,40,Bangalore,2022-02-08,New
389,Madhu,55,Hyderabad,2022-07-04,Regular
390,Swathi,37,Mumbai,2023-07-20,Premium
391,Rita,46,Delhi,2022-04-25,New
392,Raja,30,vellore,2022-05-28,New
393,Kayal,55,yercaud,2022-05-26,Regular
394,Israel,41,chennai,2023-05-01,Premium
395,Raghav,46,trichy,2022-04-25,Regular
396,Reena,35,coimbatore,2022-09-30,New
397,Deepa,43,madurai,2023-10-07,Regular
398,Suji,60,salem,2022-05-27,Premium
399,Sathya,40,bangalore,2023-07-07,New
400,Diya,38,ooty,2023-05-25,New
401,Dinesh,24,vellore,2023-05-06,Regular
402,Kavi,25,yercaud,2022-05-03,Premium
403,Radha,39,chennai,2022-06-17,Regular
404,Keerthi,26,trichy,2023-06-05,New
405,Swetha,60,coimbatore,2023-08-24,Regular
406,Stalin,31,madurai,2023-05-16,Premium
407,Karthick,30,salem,2022-08-03,New
408,Gokhul,59,bangalore,2022-12-10,New
409,Sanjay,57,ooty,2023-09-25,Regular
410,Swetha,33,vellore,2022-04-10,Premium
411,Stalin,22,yercaud,2023-01-25,Regular
412,Karthick,43,chennai,2022-08-29,New
413,Gokhul,50,Chennai,2022-10-22,Regular
414,Sanjay,25,Bangalore,2023-01-18,Premium
415,Meera,27,Hyderabad,2023-08-24,New
416,Heera,41,Mumbai,2023-11-18,New
417,Prashu,20,Delhi,2022-12-18,Regular
418,Madhu,27,vellore,2022-03-08,Premium
419,Swathi,26,yercaud,2022-08-15,Regular
420,Rita,50,chennai,2022-03-11,New
421,Raja,31,trichy,2023-08-14,Regular
422,Kayal,20,coimbatore,2023-10-21,Premium
423,Israel,60,madurai,2023-08-29,New
424,Raghav,31,salem,2022-10-31,New
425,Reena,29,bangalore,2023-02-14,Regular
426,Deepa,45,ooty,2022-03-03,Premium
427,Suji,32,vellore,2023-03-26,Regular
428,Sathya,59,yercaud,2022-11-21,New
429,Diya,43,chennai,2023-04-05,Regular
430,Dinesh,44,trichy,2023-08-11,Premium
431,Kavi,56,coimbatore,2022-08-30,New
432,Radha,28,madurai,2023-03-11,New
433,Keerthi,22,salem,2023-08-31,Regular
434,Swetha,50,bangalore,2022-09-04,Premium
435,Stalin,55,ooty,2022-05-25,Regular
436,Karthick,55,vellore,2023-10-23,New
437,Gokhul,27,yercaud,2022-12-01,Regular
438,Sanjay,58,chennai,2022-03-27,Premium
439,Swetha,60,Chennai,2023-03-31,New
440,Stalin,45,Bangalore,2022-01-12,New
441,Karthick,48,Hyderabad,2022-08-21,Regular
442,Gokhul,38,Mumbai,2023-04-08,Premium
443,Sanjay,49,Delhi,2023-08-25,Regular
444,Meera,34,vellore,2022-03-15,New
445,Heera,44,yercaud,2022-10-05,Regular
446,Prashu,31,chennai,2023-09-12,Premium
447,Madhu,28,trichy,2022-09-25,New
448,Swathi,29,coimbatore,2022-03-06,New
449,Rita,44,madurai,2022-05-29,Regular
450,Raja,26,salem,2023-10-17,Premium
451,Kayal,29,bangalore,2022-06-06,Regular
452,Israel,31,ooty,2023-09-15,New
453,Raghav,22,vellore,2022-11-07,Regular
454,Reena,37,yercaud,2023-10-31,Premium
455,Deepa,24,chennai,2022-03-02,New
456,Suji,45,trichy,2023-07-11,New
457,Sathya,32,coimbatore,2022-07-10,Regular
458,Diya,51,madurai,2023-10-10,Premium
459,Dinesh,46,salem,2023-01-02,Regular
460,Kavi,38,bangalore,2023-03-22,New
461,Radha,20,ooty,2023-06-10,Regular
462,Keerthi,32,vellore,2023-01-18,Premium
463,Swetha,46,yercaud,2022-06-11,New
464,Stalin,45,chennai,2023-06-07,New
465,Karthick,37,Chennai,2022-10-01,Regular
466,Gokhul,52,Bangalore,2022-04-02,Premium
467,Sanjay,39,Hyderabad,2023-04-20,Regular
468,Swetha,22,Mumbai,2022-09-21,New
469,Stalin,52,Delhi,2022-02-24,Regular
470,Karthick,54,vellore,2022-10-27,Premium
471,Gokhul,32,yercaud,2023-03-29,New
472,Sanjay,54,chennai,2022-07-17,New
473,Meera,25,trichy,2022-10-24,Regular
474,Heera,51,coimbatore,2022-07-02,Premium
475,Prashu,58,madurai,2023-09-18,Regular
476,Madhu,32,salem,2023-07-18,New
477,Swathi,30,bangalore,2022-11-23,Regular
478,Rita,32,ooty,2022-02-10,Premium
479,Raja,28,vellore,2022-03-16,New
480,Kayal,53,yercaud,2023-06-21,New
481,Israel,25,chennai,2022-10-16,Regular
482,Raghav,40,trichy,2022-05-07,Premium
483,Reena,54,coimbatore,2023-08-22,Regular
484,Deepa,41,madurai,2022-09-28,New
485,Suji,53,salem,2022-06-21,Regular
486,Sathya,33,bangalore,2023-08-30,Premium
487,Diya,31,ooty,2023-11-22,New
488,Dinesh,49,vellore,2022-10-14,New
489,Kavi,47,yercaud,2023-08-21,Regular
490,Radha,48,chennai,2022-03-20,Premium
491,Keerthi,50,Chennai,2023-03-09,Regular
492,Swetha,32,Bangalore,2023-07-14,New
493,Stalin,20,Hyderabad,2023-09-27,Regular
494,Karthick,50,Mumbai,2022-07-09,Premium
495,Gokhul,27,Delhi,2022-03-14,New
496,Sanjay,29,vellore,2023-05-13,New
497,Swetha,38,yercaud,2023-11-19,Regular
498,Stalin,55,chennai,2022-10-20,Premium
499,Karthick,47,trichy,2023-01-27,Regular
500,Gokhul,39,coimbatore,2023-02-23,New
501,Sanjay,30,madurai,2022-01-15,Regular
502,Meera,27,salem,2023-09-25,Premium
503,Heera,59,bangalore,2023-05-10,New
504,Prashu,49,ooty,2022-03-18,New
505,Madhu,47,vellore,2023-08-13,Regular
506,Swathi,30,yercaud,2023-02-27,Premium
507,Rita,34,chennai,2023-07-24,Regular
508,Raja,26,trichy,2023-07-29,New
509,Kayal,49,coimbatore,2022-05-23,Regular
510,Israel,29,madurai,2023-01-05,Premium
511,Raghav,46,salem,2022-06-06,New
512,Reena,58,bangalore,2023-09-21,New
513,Deepa,52,ooty,2023-08-23,Regular
514,Suji,56,vellore,2023-10-07,Premium
515,Sathya,22,yercaud,2023-11-19,Regular
516,Diya,55,chennai,2022-06-27,New
517,Dinesh,36,Chennai,2023-03-06,Regular
518,Kavi,30,Bangalore,2023-06-12,Premium
519,Radha,20,Hyderabad,2022-07-03,New
520,Keerthi,53,Mumbai,2022-09-15,New
521,Swetha,29,Delhi,2023-08-07,Regular
522,Stalin,56,vellore,2022-11-11,Premium
523,Karthick,20,yercaud,2023-09-10,Regular
524,Gokhul,50,chennai,2023-03-31,New
525,Sanjay,36,trichy,2022-04-30,Regular
526,Meera,25,coimbatore,2023-02-25,Premium
527,Heera,32,madurai,2023-07-03,New
528,Prashu,31,salem,2023-03-22,New
529,Madhu,32,bangalore,2022-03-31,Regular
530,Swathi,38,ooty,2022-10-30,Premium
531,Rita,37,vellore,2022-12-08,Regular
532,Raja,40,yercaud,2023-10-24,New
533,Kayal,55,chennai,2022-03-10,Regular
534,Israel,34,trichy,2022-08-29,Premium
535,Raghav,43,coimbatore,2022-11-18,New
536,Reena,34,madurai,2022-08-14,New
537,Deepa,34,salem,2022-01-29,Regular
538,Suji,37,bangalore,2023-10-24,Premium
539,Sathya,42,ooty,2023-11-30,Regular
540,Diya,26,vellore,2022-09-09,New
541,Dinesh,26,yercaud,2023-02-07,Regular
542,Kavi,26,chennai,2023-05-31,Premium
543,Radha,51,Chennai,2022-08-19,New
544,Keerthi,56,Bangalore,2023-03-23,New
545,Swetha,44,Hyderabad,2022-11-01,Regular
546,Stalin,31,Mumbai,2022-09-25,Premium
547,Karthick,31,Delhi,2022-08-11,Regular
548,Gokhul,56,vellore,2022-03-02,New
549,Sanjay,46,yercaud,2022-04-28,Regular
550,Swetha,33,chennai,2023-05-13,Premium
551,Stalin,35,trichy,2023-02-08,New
552,Karthick,33,coimbatore,2022-12-23,New
553,Gokhul,30,madurai,2023-02-13,Regular
554,Sanjay,53,salem,2022-01-13,Premium
555,Meera,39,bangalore,2023-02-05,Regular
556,Heera,52,ooty,2022-12-29,New
557,Prashu,58,vellore,2023-09-27,Regular
558,Madhu,57,yercaud,2023-08-09,Premium
559,Swathi,52,chennai,2023-03-13,New
560,Rita,48,trichy,2023-05-29,New
561,Raja,29,coimbatore,2022-05-18,Regular
562,Kayal,37,madurai,2022-04-18,Premium
563,Israel,36,salem,2022-12-05,Regular
564,Raghav,44,bangalore,2022-05-06,New
565,Reena,20,ooty,2023-09-10,Regular
566,Deepa,35,vellore,2022-11-01,Premium
567,Suji,37,yercaud,2022-12-17,New
568,Sathya,40,chennai,2022-06-30,New
569,Diya,28,Chennai,2022-01-09,Regular
570,Dinesh,26,Bangalore,2023-07-24,Premium
571,Kavi,39,Hyderabad,2022-04-27,Regular
572,Radha,50,Mumbai,2023-03-25,New
573,Keerthi,31,Delhi,2022-09-03,Regular
574,Swetha,27,vellore,2022-06-14,Premium
575,Stalin,47,yercaud,2022-10-05,New
576,Karthick,50,chennai,2023-05-09,New
577,Gokhul,22,trichy,2023-06-12,Regular
578,Sanjay,53,coimbatore,2023-04-19,Premium
579,Swetha,50,madurai,2023-06-01,Regular
580,Stalin,26,salem,2022-04-19,New
581,Karthick,27,bangalore,2022-07-28,Regular
582,Gokhul,45,ooty,2022-12-29,Premium
583,Sanjay,53,vellore,2023-09-06,New
584,Meera,26,yercaud,2022-05-15,New
585,Heera,20,chennai,2023-04-22,Regular
586,Prashu,49,trichy,2022-04-05,Premium
587,Madhu,52,coimbatore,2023-01-22,Regular
588,Swathi,48,madurai,2022-07-17,New
589,Rita,47,salem,2023-08-10,Regular
590,Raja,46,bangalore,2023-06-04,Premium
591,Kayal,36,ooty,2023-04-02,New
592,Israel,28,vellore,2022-07-19,New
593,Raghav,51,yercaud,2022-06-02,Regular
594,Reena,34,chennai,2022-09-17,Premium
595,Deepa,40,Chennai,2023-09-12,Regular
596,Suji,53,Bangalore,2022-04-22,New
597,Sathya,37,Hyderabad,2023-08-26,Regular
598,Diya,35,Mumbai,2023-05-03,Premium
599,Dinesh,37,Delhi,2022-01-22,New
600,Kavi,40,vellore,2022-12-06,New
601,Radha,25,yercaud,2023-06-29,Regular
602,Keerthi,20,chennai,2023-06-07,Premium
603,Swetha,43,trichy,2022-01-07,Regular
604,Stalin,23,coimbatore,2023-04-04,New
605,Karthick,53,madurai,2023-09-23,Regular
606,Gokhul,60,salem,2022-10-26,Premium
607,Sanjay,53,bangalore,2022-04-28,New
608,Swetha,27,ooty,2022-02-16,New
609,Stalin,32,vellore,2023-05-09,Regular
610,Karthick,33,yercaud,2023-01-10,Premium
611,Gokhul,56,chennai,2022-11-23,Regular
612,Sanjay,41,trichy,2022-11-23,New
613,Meera,30,coimbatore,2023-01-24,Regular
614,Heera,60,madurai,2022-05-16,Premium
615,Prashu,37,salem,2022-10-17,New
616,Madhu,26,bangalore,2022-11-23,New
617,Swathi,59,ooty,2023-11-24,Regular
618,Rita,21,vellore,2022-11-02,Premium
619,Raja,42,yercaud,2023-09-04,Regular
620,Kayal,27,chennai,2022-07-03,New
621,Israel,24,Chennai,2022-03-18,Regular
622,Raghav,39,Bangalore,2023-03-17,Premium
623,Reena,39,Hyderabad,2023-09-24,New
624,Deepa,49,Mumbai,2022-11-28,New
625,Suji,29,Delhi,2022-01-28,Regular
626,Sathya,41,vellore,2023-04-05,Premium
627,Diya,56,yercaud,2023-04-05,Regular
628,Dinesh,44,chennai,2023-11-07,New
629,Kavi,51,trichy,2022-04-26,Regular
630,Radha,23,coimbatore,2023-04-09,Premium
631,Keerthi,54,madurai,2022-12-02,New
632,Swetha,60,salem,2022-07-29,New
633,Stalin,43,bangalore,2023-06-10,Regular
634,Karthick,36,ooty,2022-06-08,Premium
635,Gokhul,53,vellore,2023-07-29,Regular
636,Sanjay,20,yercaud,2023-04-28,New
637,Swetha,44,chennai,2022-07-08,Regular
638,Stalin,35,trichy,2022-01-06,Premium
639,Karthick,49,coimbatore,2023-10-20,New
640,Gokhul,51,madurai,2023-01-13,New
641,Sanjay,46,salem,2023-06-01,Regular
642,Meera,52,bangalore,2022-02-23,Premium
643,Heera,54,ooty,2023-09-22,Regular
644,Prashu,58,vellore,2023-08-06,New
645,Madhu,40,yercaud,2023-10-21,Regular
646,Swathi,24,chennai,2022-07-05,Premium
647,Rita,60,Chennai,2022-05-11,New
648,Raja,55,Bangalore,2022-01-14,New
649,Kayal,30,Hyderabad,2022-01-06,Regular
650,Israel,57,Mumbai,2023-07-15,Premium
651,Raghav,40,Delhi,2022-08-19,Regular
652,Reena,53,vellore,2023-11-15,New
653,Deepa,41,yercaud,2022-01-23,Regular
654,Suji,27,chennai,2022-09-03,Premium
655,Sathya,39,trichy,2022-03-23,New
656,Diya,46,coimbatore,2023-07-20,New
657,Dinesh,37,madurai,2022-06-02,Regular
658,Kavi,20,salem,2023-05-31,Premium
659,Radha,38,bangalore,2023-06-27,Regular
660,Keerthi,50,ooty,2022-11-23,New
661,Swetha,29,vellore,2022-04-03,Regular
662,Stalin,27,yercaud,2023-08-18,Premium
663,Karthick,50,chennai,2023-02-02,New
664,Gokhul,45,trichy,2023-05-30,New
665,Sanjay,20,coimbatore,2023-11-04,Regular
666,Meera,34,madurai,2023-10-31,Premium
667,Heera,35,salem,2022-03-24,Regular
668,Prashu,41,bangalore,2023-08-19,New
669,Madhu,36,ooty,2023-01-27,Regular
670,Swathi,43,vellore,2022-08-08,Premium
671,Rita,32,yercaud,2022-09-17,New
672,Raja,46,chennai,2022-08-26,New
673,Kayal,59,Chennai,2023-11-17,Regular
674,Israel,36,Bangalore,2022-04-17,Premium
675,Raghav,56,Hyderabad,2022-09-22,Regular
676,Reena,30,Mumbai,2023-08-19,New
677,Deepa,41,Delhi,2023-10-01,Regular
678,Suji,34,vellore,2022-09-15,Premium
679,Sathya,37,yercaud,2022-07-31,New
680,Diya,35,chennai,2022-06-12,New
681,Dinesh,30,trichy,2022-10-03,Regular
682,Kavi,42,coimbatore,2023-09-19,Premium
683,Radha,48,madurai,2022-12-06,Regular
684,Keerthi,22,salem,2022-02-02,New
685,Swetha,57,bangalore,2023-03-11,Regular
686,Stalin,20,ooty,2023-08-02,Premium
687,Karthick,42,vellore,2022-06-28,New
688,Gokhul,36,yercaud,2023-06-22,New
689,Sanjay,53,chennai,2022-09-11,Regular
690,Swetha,46,trichy,2023-07-09,Premium
691,Stalin,38,coimbatore,2023-06-23,Regular
692,Karthick,51,madurai,2022-07-26,New
693,Gokhul,23,salem,2022-06-30,Regular
694,Sanjay,34,bangalore,2023-10-31,Premium
695,Meera,49,ooty,2022-07-30,New
696,Heera,24,vellore,2023-10-13,New
697,Prashu,26,yercaud,2023-03-15,Regular
698,Madhu,55,chennai,2023-04-20,Premium
699,Swathi,32,Chennai,2022-11-03,Regular
700,Rita,31,Bangalore,2023-09-23,New
701,Raja,58,Hyderabad,2023-10-20,Regular
702,Kayal,43,Mumbai,2022-04-19,Premium
703,Israel,45,Delhi,2022-12-03,New
704,Raghav,34,vellore,2022-02-09,New
705,Reena,32,yercaud,2023-04-01,Regular
706,Deepa,23,chennai,2023-07-08,Premium
707,Suji,49,trichy,2023-02-08,Regular
708,Sathya,31,coimbatore,2023-10-12,New
709,Diya,23,madurai,2022-09-17,Regular
710,Dinesh,42,salem,2023-02-10,Premium
711,Kavi,38,bangalore,2022-02-25,New
712,Radha,21,ooty,2022-07-14,New
713,Keerthi,25,vellore,2022-03-06,Regular
714,Swetha,56,yercaud,2022-10-10,Premium
715,Stalin,59,chennai,2022-02-07,Regular
716,Karthick,58,trichy,2022-10-26,New
717,Gokhul,22,coimbatore,2023-04-08,Regular
718,Sanjay,33,madurai,2022-09-13,Premium
719,Swetha,51,salem,2023-09-17,New
720,Stalin,23,bangalore,2023-08-07,New
721,Karthick,44,ooty,2023-06-28,Regular
722,Gokhul,42,vellore,2023-03-05,Premium
723,Sanjay,30,yercaud,2022-07-13,Regular
724,Meera,50,chennai,2022-04-01,New
725,Heera,46,Chennai,2022-08-08,Regular
726,Prashu,24,Bangalore,2023-03-16,Premium
727,Madhu,31,Hyderabad,2022-11-21,New
728,Swathi,56,Mumbai,2023-11-27,New
729,Rita,56,Delhi,2023-01-26,Regular
730,Raja,24,vellore,2023-04-06,Premium
731,Kayal,58,yercaud,2023-06-19,Regular
732,Israel,35,chennai,2022-10-18,New
733,Raghav,24,trichy,2023-01-18,Regular
734,Reena,38,coimbatore,2022-09-02,Premium
735,Deepa,27,madurai,2023-06-03,New
736,Suji,38,salem,2023-09-16,New
737,Sathya,28,bangalore,2023-10-15,Regular
738,Diya,59,ooty,2023-04-01,Premium
739,Dinesh,31,vellore,2023-11-30,Regular
740,Kavi,38,yercaud,2022-08-17,New
741,Radha,55,chennai,2022-10-23,Regular
742,Keerthi,58,trichy,2023-05-25,Premium
743,Swetha,23,coimbatore,2023-12-01,New
744,Stalin,47,madurai,2023-08-11,New
745,Karthick,24,salem,2023-03-31,Regular
746,Gokhul,45,bangalore,2023-09-14,Premium
747,Sanjay,52,ooty,2022-03-13,Regular
748,Swetha,26,vellore,2022-11-30,New
749,Stalin,31,yercaud,2022-08-22,Regular
750,Karthick,57,chennai,2023-01-12,Premium
751,Gokhul,34,Chennai,2022-04-03,New
752,Sanjay,23,Bangalore,2022-05-08,New
753,Meera,22,Hyderabad,2022-11-22,Regular
754,Heera,33,Mumbai,2022-11-18,Premium
755,Prashu,27,Delhi,2023-06-21,Regular
756,Madhu,57,vellore,2023-09-24,New
757,Swathi,38,yercaud,2022-10-16,Regular
758,Rita,48,chennai,2023-06-14,Premium
759,Raja,57,trichy,2022-02-07,New
760,Kayal,34,coimbatore,2022-01-15,New
761,Israel,50,madurai,2023-03-22,Regular
762,Raghav,57,salem,2022-01-27,Premium
763,Reena,44,bangalore,2022-05-25,Regular
764,Deepa,44,ooty,2023-06-02,New
765,Suji,34,vellore,2023-08-05,Regular
766,Sathya,20,yercaud,2023-04-30,Premium
767,Diya,24,chennai,2023-02-17,New
768,Dinesh,58,trichy,2022-11-11,New
769,Kavi,33,coimbatore,2022-05-10,Regular
770,Radha,25,madurai,2023-06-03,Premium
771,Keerthi,26,salem,2022-09-08,Regular
772,Swetha,51,bangalore,2023-04-22,New
773,Stalin,49,ooty,2022-09-29,Regular
774,Karthick,30,vellore,2022-03-25,Premium
775,Gokhul,36,yercaud,2023-06-29,New
776,Sanjay,43,chennai,2023-06-08,New
777,Swetha,32,Chennai,2022-08-25,Regular
778,Stalin,28,Bangalore,2022-11-30,Premium
779,Karthick,23,Hyderabad,2022-11-15,Regular
780,Gokhul,37,Mumbai,2022-05-12,New
781,Sanjay,28,Delhi,2023-09-28,Regular
782,Meera,29,vellore,2023-09-12,Premium
783,Heera,22,yercaud,2022-02-08,New
784,Prashu,56,chennai,2022-10-10,New
785,Madhu,57,trichy,2022-03-17,Regular
786,Swathi,43,coimbatore,2022-12-21,Premium
787,Rita,49,madurai,2023-07-26,Regular
788,Raja,50,salem,2022-03-28,New
789,Kayal,27,bangalore,2023-07-14,Regular
790,Israel,42,ooty,2022-10-12,Premium
791,Raghav,52,vellore,2023-05-26,New
792,Reena,28,yercaud,2023-10-08,New
793,Deepa,34,chennai,2022-02-25,Regular
794,Suji,34,trichy,2023-09-15,Premium
795,Sathya,31,coimbatore,2023-04-19,Regular
796,Diya,46,madurai,2022-03-01,New
797,Dinesh,26,salem,2023-06-07,Regular
798,Kavi,38,bangalore,2023-04-15,Premium
799,Radha,59,ooty,2022-12-02,New
800,Keerthi,54,vellore,2023-03-18,New
801,Swetha,28,yercaud,2022-11-08,Regular
802,Stalin,53,chennai,2023-05-23,Premium
803,Karthick,40,Chennai,2022-03-01,Regular
804,Gokhul,44,Bangalore,2022-06-17,New
805,Sanjay,46,Hyderabad,2022-12-25,Regular
806,Meera,45,Mumbai,2023-07-04,Premium
807,Heera,44,Delhi,2022-03-06,New
808,Prashu,49,vellore,2023-10-27,New
809,Madhu,45,yercaud,2022-03-13,Regular
810,Swathi,56,chennai,2022-02-08,Premium
811,Rita,36,trichy,2023-01-29,Regular
812,Raja,52,coimbatore,2023-03-10,New
813,Kayal,25,madurai,2023-01-04,Regular
814,Israel,22,salem,2023-05-21,Premium
815,Raghav,44,bangalore,2023-03-15,New
816,Reena,24,ooty,2023-09-27,New
817,Deepa,35,vellore,2023-04-07,Regular
818,Suji,50,yercaud,2023-06-07,Premium
819,Sathya,36,chennai,2022-09-14,Regular
820,Diya,42,trichy,2023-03-06,New
821,Dinesh,45,coimbatore,2022-09-10,Regular
822,Kavi,54,madurai,2023-01-07,Premium
823,Radha,47,salem,2023-07-09,New
824,Keerthi,31,bangalore,2023-01-07,New
825,Swetha,57,ooty,2022-01-06,Regular
826,Stalin,27,vellore,2023-10-26,Premium
827,Karthick,34,yercaud,2023-03-08,Regular
828,Gokhul,32,chennai,2023-03-05,New
829,Sanjay,49,Chennai,2022-04-10,Regular
830,Swetha,33,Bangalore,2023-08-19,Premium
831,Stalin,41,Hyderabad,2022-05-10,New
832,Karthick,27,Mumbai,2023-08-05,New
833,Gokhul,34,Delhi,2022-01-16,Regular
834,Sanjay,33,vellore,2022-07-17,Premium
835,Meera,29,yercaud,2022-02-12,Regular
836,Heera,34,chennai,2023-05-15,New
837,Prashu,46,trichy,2023-07-18,Regular
838,Madhu,25,coimbatore,2023-06-17,Premium
839,Swathi,46,madurai,2023-11-06,New
840,Rita,29,salem,2023-02-10,New
841,Raja,60,bangalore,2022-01-17,Regular
842,Kayal,60,ooty,2022-01-13,Premium
843,Israel,58,vellore,2022-02-08,Regular
844,Raghav,57,yercaud,2022-10-11,New
845,Reena,35,chennai,2023-08-19,Regular
846,Deepa,53,trichy,2022-04-24,Premium
847,Suji,20,coimbatore,2022-10-06,New
848,Sathya,21,madurai,2022-10-06,New
849,Diya,49,salem,2023-03-26,Regular
850,Dinesh,22,bangalore,2022-10-22,Premium
851,Kavi,55,ooty,2022-11-16,Regular
852,Radha,43,vellore,2022-03-21,New
853,Keerthi,34,yercaud,2022-06-01,Regular
854,Swetha,55,chennai,2022-06-29,Premium
855,Stalin,48,Chennai,2022-07-10,New
856,Karthick,30,Bangalore,2023-08-09,New
857,Gokhul,59,Hyderabad,2023-03-25,Regular
858,Sanjay,45,Mumbai,2023-07-09,Premium
859,Swetha,48,Delhi,2023-05-26,Regular
860,Stalin,36,vellore,2023-06-02,New
861,Karthick,56,yercaud,2022-05-01,Regular
862,Gokhul,58,chennai,2023-01-03,Premium
863,Sanjay,53,trichy,2022-10-08,New
864,Meera,33,coimbatore,2023-08-04,New
865,Heera,48,madurai,2023-09-16,Regular
866,Prashu,41,salem,2023-09-24,Premium
867,Madhu,33,bangalore,2022-07-21,Regular
868,Swathi,34,ooty,2022-10-30,New
869,Rita,24,vellore,2022-11-20,Regular
870,Raja,20,yercaud,2023-03-11,Premium
871,Kayal,59,chennai,2022-07-25,New
872,Israel,56,trichy,2022-04-12,New
873,Raghav,60,coimbatore,2023-06-18,Regular
874,Reena,25,madurai,2022-12-29,Premium
875,Deepa,41,salem,2023-03-18,Regular
876,Suji,55,bangalore,2022-06-27,New
877,Sathya,40,ooty,2023-08-13,Regular
878,Diya,58,vellore,2022-04-06,Premium
879,Dinesh,22,yercaud,2022-11-15,New
880,Kavi,21,chennai,2023-04-13,New
881,Radha,31,Chennai,2022-12-29,Regular
882,Keerthi,31,Bangalore,2022-11-13,Premium
883,Swetha,48,Hyderabad,2023-06-10,Regular
884,Stalin,24,Mumbai,2023-02-24,New
885,Karthick,23,Delhi,2022-02-15,Regular
886,Gokhul,27,vellore,2022-07-19,Premium
887,Sanjay,52,yercaud,2023-06-08,New
888,Swetha,32,chennai,2022-08-12,New
889,Stalin,23,trichy,2022-03-23,Regular
890,Karthick,60,coimbatore,2023-02-27,Premium
891,Gokhul,22,madurai,2022-01-22,Regular
892,Sanjay,56,salem,2023-08-05,New
893,Meera,28,bangalore,2023-10-16,Regular
894,Heera,36,ooty,2023-09-15,Premium
895,Prashu,24,vellore,2022-07-31,New
896,Madhu,21,yercaud,2022-05-15,New
897,Swathi,34,chennai,2023-07-24,Regular
898,Rita,33,trichy,2023-03-28,Premium
899,Raja,26,coimbatore,2023-08-21,Regular
900,Kayal,26,madurai,2022-02-18,New
901,Israel,39,salem,2022-08-06,Regular
902,Raghav,25,bangalore,2023-07-20,Premium
903,Reena,59,ooty,2023-02-19,New
904,Deepa,36,vellore,2023-08-28,New
905,Suji,33,yercaud,2022-12-03,Regular
906,Sathya,39,chennai,2023-06-24,Premium
907,Diya,20,Chennai,2022-03-06,Regular
908,Dinesh,30,Bangalore,2022-03-27,New
909,Kavi,59,Hyderabad,2023-05-28,Regular
910,Radha,35,Mumbai,2023-08-28,Premium
911,Keerthi,39,Delhi,2023-01-23,New
912,Swetha,22,vellore,2023-01-12,New
913,Stalin,48,yercaud,2023-11-27,Regular
914,Karthick,20,chennai,2023-09-03,Premium
915,Gokhul,40,trichy,2022-06-16,Regular
916,Sanjay,20,coimbatore,2023-01-19,New
917,Swetha,22,madurai,2023-03-11,Regular
918,Stalin,49,salem,2023-03-08,Premium
919,Karthick,54,bangalore,2022-03-04,New
920,Gokhul,29,ooty,2023-10-13,New
921,Sanjay,27,vellore,2022-07-16,Regular
922,Meera,57,yercaud,2023-02-20,Premium
923,Heera,30,chennai,2023-10-17,Regular
924,Prashu,51,trichy,2022-09-27,New
925,Madhu,58,coimbatore,2022-09-16,Regular
926,Swathi,32,madurai,2023-03-10,Premium
927,Rita,50,salem,2023-06-27,New
928,Raja,22,bangalore,2023-10-11,New
929,Kayal,50,ooty,2023-03-09,Regular
930,Israel,39,vellore,2022-03-06,Premium
931,Raghav,21,yercaud,2023-05-21,Regular
932,Reena,30,chennai,2023-08-15,New
933,Deepa,59,Chennai,2023-07-25,Regular
934,Suji,44,Bangalore,2023-05-23,Premium
935,Sathya,45,Hyderabad,2023-01-28,New
936,Diya,25,Mumbai,2022-05-22,New
937,Dinesh,46,Delhi,2022-10-12,Regular
938,Kavi,42,vellore,2023-07-08,Premium
939,Radha,23,yercaud,2022-02-18,Regular
940,Keerthi,46,chennai,2023-08-21,New
941,Swetha,24,trichy,2023-07-17,Regular
942,Stalin,55,coimbatore,2022-03-23,Premium
943,Karthick,27,madurai,2023-07-27,New
944,Gokhul,36,salem,2022-08-28,New
945,Sanjay,26,bangalore,2023-04-22,Regular
946,Meera,50,ooty,2023-01-15,Premium
947,Heera,35,vellore,2023-03-11,Regular
948,Prashu,45,yercaud,2023-03-30,New
949,Madhu,46,chennai,2022-12-27,Regular
950,Swathi,46,trichy,2022-05-02,Premium
951,Rita,38,coimbatore,2023-07-12,New
952,Raja,34,madurai,2023-10-03,New
953,Kayal,28,salem,2023-06-29,Regular
954,Israel,44,bangalore,2023-07-29,Premium
955,Raghav,45,ooty,2022-05-07,Regular
956,Reena,40,vellore,2022-02-16,New
957,Deepa,38,yercaud,2023-12-02,Regular
958,Suji,60,chennai,2022-08-22,Premium
959,Sathya,52,Chennai,2022-03-26,New
960,Diya,41,Bangalore,2023-09-27,New
961,Dinesh,50,Hyderabad,2022-11-28,Regular
962,Kavi,45,Mumbai,2023-03-14,Premium
963,Radha,30,Delhi,2023-04-25,Regular
964,Keerthi,51,vellore,2023-09-03,New
965,Swetha,58,yercaud,2022-08-01,Regular
966,Stalin,23,chennai,2023-02-02,Premium
967,Karthick,32,trichy,2022-06-13,New
968,Gokhul,39,coimbatore,2023-10-18,New
969,Sanjay,38,madurai,2023-04-06,Regular
970,Swetha,31,salem,2022-08-22,Premium
971,Stalin,50,bangalore,2022-08-26,Regular
972,Karthick,33,ooty,2023-10-19,New
973,Gokhul,20,vellore,2022-11-17,Regular
974,Sanjay,52,yercaud,2023-05-13,Premium
975,Meera,24,chennai,2022-12-04,New
976,Heera,48,trichy,2023-04-21,New
977,Prashu,38,coimbatore,2023-08-24,Regular
978,Madhu,37,madurai,2023-04-26,Premium
979,Swathi,45,salem,2022-10-13,Regular
980,Rita,46,bangalore,2023-05-20,New
981,Raja,39,ooty,2023-07-04,Regular
982,Kayal,55,vellore,2023-04-16,Premium
983,Israel,21,yercaud,2023-01-30,New
984,Raghav,56,chennai,2023-02-19,New
985,Reena,36,Chennai,2023-06-29,Regular
986,Deepa,51,Bangalore,2022-03-18,Premium
987,Suji,51,Hyderabad,2023-11-17,Regular
988,Sathya,48,Mumbai,2022-12-27,New
989,Diya,43,Delhi,2023-07-07,Regular
990,Dinesh,49,vellore,2022-07-06,Premium
991,Kavi,37,yercaud,2022-01-15,New
992,Radha,50,chennai,2023-03-31,New
993,Keerthi,20,trichy,2023-06-30,Regular
994,Swetha,26,coimbatore,2022-03-15,Premium
995,Stalin,50,madurai,2022-02-03,Regular
996,Karthick,28,salem,2023-10-16,New
997,Gokhul,49,bangalore,2023-01-22,Regular
998,Sanjay,43,ooty,2023-01-14,Premium
999,Swetha,59,vellore,2022-05-07,New
1000,Stalin,58,yercaud,2022-08-11,New
